User_id,Session_id,DateTime,Category,SubCategory,Action,Quantity,Rate,Total Price,is_purchase_row,is_converter,__is_purchase__,weekday,hour,Date,Year,Month,YearMonth,Weekday,Hour
51629142904,b5bdd3-4ca2-4c55-939e,2019-09-03 18:10:00,Cleaning supplies,Cleaning sprays,purchase,5.0,300.0,1500.0,1,1,1,Tuesday,18,2019-09-03,2019,9,2019-09,Tuesday,18
51629142904,fbdhyrt4ca2-4c55-939e,2019-01-10 21:08:00,Mobile & Accessories,Charging wire,purchase,2.0,2000.0,4000.0,1,1,1,Thursday,21,2019-01-10,2019,1,2019-01,Thursday,21
51940324591,rtfghf9-2748-4c56-87565,2019-04-08 19:09:00,Mobile & Accessories,Cases,purchase,5.0,100.0,500.0,1,1,1,Monday,19,2019-04-08,2019,4,2019-04,Monday,19
51965507652,d40a28-41f9-4325-bbae,2019-12-10 19:25:00,Digital Devices,Headphones,purchase,4.0,1000.0,4000.0,1,1,1,Tuesday,19,2019-12-10,2019,12,2019-12,Tuesday,19
51940324591,yhfghfgh-77f8-40c9-8e5786,2019-12-10 13:07:00,Fitness,Dumbells,purchase,2.0,1000.0,2000.0,1,1,1,Tuesday,13,2019-12-10,2019,12,2019-12,Tuesday,13
51613167885,b8e28c8-d11f-428a-95e7,2019-10-31 15:28:00,Mobile & Accessories,Mobile,purchase,3.0,20000.0,60000.0,1,1,1,Thursday,15,2019-10-31,2019,10,2019-10,Thursday,15
51945183373,oukujm-uiy-7bbe-4b3d-95a9,2019-04-10 18:45:00,Accessories,Watches,purchase,1.0,3000.0,3000.0,1,1,1,Wednesday,18,2019-04-10,2019,4,2019-04,Wednesday,18
51795247161,2ea16b-4ec3-44f8-8fcd,2019-03-10 23:55:00,Digital Devices,Tws earbuds,purchase,2.0,15000.0,30000.0,1,1,1,Sunday,23,2019-03-10,2019,3,2019-03,Sunday,23
51560282867,74d0a28-41f9-4325-bbae,2019-06-10 12:25:00,Fitness,Gloves,purchase,7.0,100.0,700.0,1,1,1,Monday,12,2019-06-10,2019,6,2019-06,Monday,12
51786146119,453a28-41f9-4376-2ae-b1,2019-07-10 20:26:00,Mobile & Accessories,Bumpers,purchase,2.0,250.0,500.0,1,1,1,Wednesday,20,2019-07-10,2019,7,2019-07,Wednesday,20
51486113570,74gfa28-41f9-4re6-2ae-b179b91,2019-08-10 19:08:00,Men's Fashion,Denim jeans,purchase,3.0,900.0,2700.0,1,1,1,Saturday,19,2019-08-10,2019,8,2019-08,Saturday,19
51945183373,opwke5a-7b33e-4b3d-95a9,2019-02-26 11:37:00,Digital Devices,Printers,purchase,1.0,30000.0,30000.0,1,1,1,Tuesday,11,2019-02-26,2019,2,2019-02,Tuesday,11
51455512201,4fc3e1d-5f94-45bb-82dc-ac,2019-10-19 19:12:00,Men's Fashion,Shoes,purchase,2.0,5000.0,10000.0,1,1,1,Saturday,19,2019-10-19,2019,10,2019-10,Saturday,19
52132350231,7c90c70-0e80-4590-96f3-13,2019-10-10 14:30:00,Accessories,Harddisk,purchase,3.0,3000.0,9000.0,1,1,1,Thursday,14,2019-10-10,2019,10,2019-10,Thursday,14
51676463689,hjm0-4d3e-4e1a-90e3-ab10,2019-05-27 11:45:00,Pet Care,Cat food,purchase,3.0,1000.0,3000.0,1,1,1,Monday,11,2019-05-27,2019,5,2019-05,Monday,11
51676463689,dytfhj-4d3e-4e1a-90e54-ab645,2019-10-10 17:47:00,Stationary,Books,purchase,10.0,200.0,2000.0,1,1,1,Thursday,17,2019-10-10,2019,10,2019-10,Thursday,17
52202013311,86589-9b0c-4db0-9b75-3f2738,2019-11-10 13:23:00,Gardern and Outdoor,Flower pot,purchase,10.0,200.0,2000.0,1,1,1,Sunday,13,2019-11-10,2019,11,2019-11,Sunday,13
51821460103,d023aaf-76e3-4ed6-bc0b-a837,2019-12-10 18:25:00,Accessories,Oil can,purchase,4.0,1500.0,6000.0,1,1,1,Tuesday,18,2019-12-10,2019,12,2019-12,Tuesday,18
52313781035,211ff5-7e3e-4a19-9bf6-bb,2019-10-13 19:08:00,Men's Fashion,Bow tie,purchase,2.0,500.0,1000.0,1,1,1,Sunday,19,2019-10-13,2019,10,2019-10,Sunday,19
51463622150,ythujjj-e659-4616-8187-154,2019-10-14 21:44:00,Stationary,Books,purchase,5.0,100.0,500.0,1,1,1,Monday,21,2019-10-14,2019,10,2019-10,Monday,21
51463622150,erf30-ere9-4lldd6-8er7-fqw,2019-11-12 21:27:00,Stationary,Paints,purchase,3.0,150.0,450.0,1,1,1,Tuesday,21,2019-11-12,2019,11,2019-11,Tuesday,21
52322653716,dsgxcb838-4cf9-bfe9-b30b,2019-10-14 10:40:00,Men's Fashion,Belt,purchase,3.0,750.0,2250.0,1,1,1,Monday,10,2019-10-14,2019,10,2019-10,Monday,10
51624877138,axcddc-gcb9-rf97-9r78-dddefa,2019-06-19 14:25:00,Appliances,Frying pan,purchase,2.0,2000.0,4000.0,1,1,1,Wednesday,14,2019-06-19,2019,6,2019-06,Wednesday,14
51692749291,334c2e-e8e5-463f-ae4e-f44f9,2019-10-14 14:30:00,Accessories,CD-Driver,purchase,1.0,2500.0,2500.0,1,1,1,Monday,14,2019-10-14,2019,10,2019-10,Monday,14
51544071846,sfzf-as-4dda-9ssc1-sc,2019-10-15 15:13:00,Stationary,Books,purchase,5.0,200.0,1000.0,1,1,1,Tuesday,15,2019-10-15,2019,10,2019-10,Tuesday,15
52304977219,5d0a0-0de6-47de-a55a-eae9f,2019-10-15 13:13:00,Gardern and Outdoor,Container,purchase,10.0,200.0,2000.0,1,1,1,Tuesday,13,2019-10-15,2019,10,2019-10,Tuesday,13
51969791374,gfthbgf-2e63-4b51-81bb-4525,2019-08-19 18:36:00,Men's Fashion,Jeans,purchase,1.0,2000.0,2000.0,1,1,1,Monday,18,2019-08-19,2019,8,2019-08,Monday,18
52005335676,d8d98c-7964-0480-a55d-ef,2019-10-16 17:29:00,Mobile & Accessories,Tablet holder,purchase,4.0,1000.0,4000.0,1,1,1,Wednesday,17,2019-10-16,2019,10,2019-10,Wednesday,17
52331458145,f584ed-c7f7-442e-8ae9-713c,2019-10-17 17:26:00,Digital Devices,Mouse pad,purchase,2.0,1000.0,2000.0,1,1,1,Thursday,17,2019-10-17,2019,10,2019-10,Thursday,17
51969791374,cvc8-502e-4fe7-bbba-34088,2019-10-26 14:40:00,Women's Fashion,Tops,purchase,2.0,900.0,1800.0,1,1,1,Saturday,14,2019-10-26,2019,10,2019-10,Saturday,14
51645696004,ghjhjc-7964-0480-a55d-e899,2019-10-21 18:09:00,Women's Fashion,Ethnic wear,purchase,3.0,1000.0,3000.0,1,1,1,Monday,18,2019-10-21,2019,10,2019-10,Monday,18
51875286469,33046-8877-4617-9241-c1d5,2019-10-17 22:29:00,Mobile & Accessories,Charger,purchase,2.0,600.0,1200.0,1,1,1,Thursday,22,2019-10-17,2019,10,2019-10,Thursday,22
52240234858,028fb6-99bd-4d26-beb3-30,2019-10-19 13:13:00,Gardern and Outdoor,Water hose pipe,purchase,5.0,500.0,2500.0,1,1,1,Saturday,13,2019-10-19,2019,10,2019-10,Saturday,13
51462598385,f0313-5572-4894-a4eb-45d,2019-10-20 17:30:00,Mobile & Accessories,Aux Cable,purchase,1.0,250.0,250.0,1,1,1,Sunday,17,2019-10-20,2019,10,2019-10,Sunday,17
51462598385,gfudei-fc5rg-4bc0-afd4-c2,2019-12-15 19:03:00,Mobile & Accessories,USB Cord,purchase,1.0,300.0,300.0,1,1,1,Sunday,19,2019-12-15,2019,12,2019-12,Sunday,19
51777317807,42d574-0b40-416e-a53b-5,2019-10-21 12:20:00,Accessories,fitband,purchase,2.0,2250.0,4500.0,1,1,1,Monday,12,2019-10-21,2019,10,2019-10,Monday,12
51589427926,f9cx313-55d2-4894-a4ed-45d,2019-04-03 11:17:00,Mobile & Accessories,Screen Guard,purchase,2.0,250.0,500.0,1,1,1,Wednesday,11,2019-04-03,2019,4,2019-04,Wednesday,11
51589427926,94df-a04f-4051-8f18-4c,2019-10-23 20:23:00,Mobile & Accessories,Cases,purchase,5.0,250.0,1250.0,1,1,1,Wednesday,20,2019-10-23,2019,10,2019-10,Wednesday,20
51626168971,0ac92940-754e-4cee-baaf,2019-10-21 17:14:00,Digital Devices,laptop,purchase,1.0,45000.0,45000.0,1,1,1,Monday,17,2019-10-21,2019,10,2019-10,Monday,17
51970999139,ae5fe1b6-2f02-45b4-88de,2019-10-21 21:25:00,Camera Accessories,Tripods,purchase,2.0,12000.0,24000.0,1,1,1,Monday,21,2019-10-21,2019,10,2019-10,Monday,21
52055074267,9e288f9c-206d-4461-ae6f,2019-10-21 23:30:00,Home Appliances,Lamp,purchase,1.0,1200.0,1200.0,1,1,1,Monday,23,2019-10-21,2019,10,2019-10,Monday,23
51472029210,af7ed87b-e918-4b31-bd24,2019-06-11 14:12:00,Entertainment Systems,Surround system,purchase,2.0,12200.0,24400.0,1,1,1,Tuesday,14,2019-06-11,2019,6,2019-06,Tuesday,14
51558926605,d7c4761f-de75-454b-9164,2019-10-22 13:35:00,Software,McAfee Protection,purchase,2.0,1500.0,3000.0,1,1,1,Tuesday,13,2019-10-22,2019,10,2019-10,Tuesday,13
51517997197,gdsx61e-90324-423d4-0ddb,2019-07-18 18:27:00,Accessories,Watches,purchase,1.0,7000.0,7000.0,1,1,1,Thursday,18,2019-07-18,2019,7,2019-07,Thursday,18
51517997197,9c91461e-5924-4ed4-b01b,2019-10-22 18:12:00,Home Decor,Wall paint,purchase,5.0,1000.0,5000.0,1,1,1,Tuesday,18,2019-10-22,2019,10,2019-10,Tuesday,18
51526464449,dsgx8b4-31e-44a6-832b,2019-09-25 14:38:00,Digital Appliances,Laptop,purchase,1.0,50000.0,50000.0,1,1,1,Wednesday,14,2019-09-25,2019,9,2019-09,Wednesday,14
51526464449,khmuyj4-e81e-4fa6-84562,2019-10-28 18:23:00,Digital Appliances,Monitor,purchase,1.0,15000.0,15000.0,1,1,1,Monday,18,2019-10-28,2019,10,2019-10,Monday,18
51895612143,c0811104-1194-40f7-92b8,2019-10-23 19:27:00,Large appliances,Washing machine,purchase,1.0,50000.0,50000.0,1,1,1,Wednesday,19,2019-10-23,2019,10,2019-10,Wednesday,19
52112239597,3c248863-9b7f-493f-a4fa,2019-10-23 19:48:00,Furnitures,Sofa,purchase,1.0,40000.0,40000.0,1,1,1,Wednesday,19,2019-10-23,2019,10,2019-10,Wednesday,19
52090547553,d343f622-8e8e-4c51-b517,2019-10-24 19:27:00,Car Accessories,Car charger,purchase,2.0,600.0,1200.0,1,1,1,Thursday,19,2019-10-24,2019,10,2019-10,Thursday,19
51978529551,2df9d466-2b47-4e01-a432,2019-10-25 19:19:00,Music,Amplifier,purchase,1.0,25000.0,25000.0,1,1,1,Friday,19,2019-10-25,2019,10,2019-10,Friday,19
51932772204,765c81ce-b11f-4fca-b911,2019-10-26 10:22:00,Electronic Appliances,Switch box,purchase,2.0,1200.0,2400.0,1,1,1,Saturday,10,2019-10-26,2019,10,2019-10,Saturday,10
52094145973,71532874-16b2-4a03-9b37,2019-10-27 17:29:00,Mobile & Accessories,Charging wire,purchase,3.0,600.0,1800.0,1,1,1,Sunday,17,2019-10-27,2019,10,2019-10,Sunday,17
51720357111,9acd3cb7-79b7-4293-bb81-,2019-10-28 17:16:00,Digital Devices,Digital clock,purchase,4.0,700.0,2800.0,1,1,1,Monday,17,2019-10-28,2019,10,2019-10,Monday,17
51565158157,oklmd7-15cc-49sd-9b7sd,2019-06-18 11:17:00,Women's Fashion,Tops,purchase,5.0,1200.0,6000.0,1,1,1,Tuesday,11,2019-06-18,2019,6,2019-06,Tuesday,11
51565158157,be0e1bd7-15c7-49d8-9b76,2019-08-23 18:32:00,Women's Fashion,Jeans,purchase,2.0,10000.0,20000.0,1,1,1,Friday,18,2019-08-23,2019,8,2019-08,Friday,18
51565158157,be0e1bd7-15c7-49d8-9b76,2019-10-11 13:40:00,Women's Fashion,Jewellery,purchase,3.0,16000.0,48000.0,1,1,1,Friday,13,2019-10-11,2019,10,2019-10,Friday,13
51888851862,3c80f0d6-e9ec-4181-8c5i,2019-10-29 11:30:00,"Music
",Cd's,purchase,10.0,100.0,1000.0,1,1,1,Tuesday,11,2019-10-29,2019,10,2019-10,Tuesday,11
52179781847,0b74a829-f9d7-4654-b5bu,2019-10-29 13:13:00,Gifts,Gift wrapper,purchase,3.0,100.0,300.0,1,1,1,Tuesday,13,2019-10-29,2019,10,2019-10,Tuesday,13
52114046370,60aab8b6-5bfb-4ff4-88c4,2019-10-31 12:20:00,Gaming Accessories,Gaming console,purchase,1.0,25000.0,25000.0,1,1,1,Thursday,12,2019-10-31,2019,10,2019-10,Thursday,12
52340778300,6bd99f66-25fa-49bf-bc4y,2019-10-31 19:17:00,Women's Fashion,Tops,purchase,2.0,2500.0,5000.0,1,1,1,Thursday,19,2019-10-31,2019,10,2019-10,Thursday,19
52159511316,75f3aaa8-f7c6-4074-aa7f-,2019-10-31 21:17:00,Furnitures,Wooden shelf,purchase,1.0,25000.0,25000.0,1,1,1,Thursday,21,2019-10-31,2019,10,2019-10,Thursday,21
51585704576,b0e962c5-0931-4f63-8239,2019-01-11 10:30:00,Bags and Luggage,suitcase,purchase,2.0,1000.0,2000.0,1,1,1,Friday,10,2019-01-11,2019,1,2019-01,Friday,10
51448162784,cvbcba7d34fd9-3d78-c3af,2019-12-12 19:22:00,Camera Accessories,Camera Lens,purchase,2.0,10000.0,20000.0,1,1,1,Thursday,19,2019-12-12,2019,12,2019-12,Thursday,19
51448162784,gbvvadb7dd-dfd-dd78-cg4f,2019-06-11 13:23:00,Camera Accessories,Camera Bag,purchase,1.0,1500.0,1500.0,1,1,1,Tuesday,13,2019-06-11,2019,6,2019-06,Tuesday,13
52157383130,7f33de49-565f-474a-900e,2019-01-11 10:38:00,Gifts,Handicrafts,purchase,4.0,4000.0,16000.0,1,1,1,Friday,10,2019-01-11,2019,1,2019-01,Friday,10
51840127985,a88a6411-646f-4bfa-8860,2019-02-11 14:46:00,Car Accessories,Car Mobile holder,purchase,1.0,600.0,600.0,1,1,1,Monday,14,2019-02-11,2019,2,2019-02,Monday,14
52127053360,e8cae756-53aa-4d87-bb8d,2019-02-11 14:49:00,Mobile & Accessories,Mobile Battery,purchase,1.0,700.0,700.0,1,1,1,Monday,14,2019-02-11,2019,2,2019-02,Monday,14
52246240339,f286467a-116a-4a59-b8a5,2019-02-11 15:02:00,Software,McAfee antivirus,purchase,1.0,2500.0,2500.0,1,1,1,Monday,15,2019-02-11,2019,2,2019-02,Monday,15
51465529647,vbcde2-96f9-4520-bcc1,2019-12-12 21:15:00,Home Decor,Wall hangings,purchase,3.0,2500.0,7500.0,1,1,1,Thursday,21,2019-12-12,2019,12,2019-12,Thursday,21
51840332148,01ae2157-f94d-4017-9b98,2019-02-11 15:06:00,Religious items,Photo frames,purchase,2.0,1000.0,2000.0,1,1,1,Monday,15,2019-02-11,2019,2,2019-02,Monday,15
51477448981,plf7d0a-e1e3-433fa-94d,2019-11-15 19:10:00,Musical Instruments,Drums set,purchase,2.0,20000.0,40000.0,1,1,1,Friday,19,2019-11-15,2019,11,2019-11,Friday,19
51465529647,b958530e-8e99-4189-8616,2019-12-05 19:30:00,Home Decor,Carpet,purchase,2.0,4000.0,8000.0,1,1,1,Thursday,19,2019-12-05,2019,12,2019-12,Thursday,19
51892634497,bc59e177-17c3-4495-bd40,2019-02-11 15:19:00,Gardening,Gardening knife,purchase,2.0,1000.0,2000.0,1,1,1,Monday,15,2019-02-11,2019,2,2019-02,Monday,15
52320144114,2ac4fd9a-4a72-47cd-ba5d,2019-03-11 13:30:00,Digital Devices,Wireless Headphones,purchase,4.0,2000.0,8000.0,1,1,1,Monday,13,2019-03-11,2019,3,2019-03,Monday,13
51849471720,5e67e79a-8911-4067-865c,2019-03-11 13:41:00,Women's Fashion,Hair Bands,purchase,3.0,1000.0,3000.0,1,1,1,Monday,13,2019-03-11,2019,3,2019-03,Monday,13
51592642763,vgbcvcbe63-0e98-41cb-9f27,2019-04-30 13:02:00,Entertainment Systems,Surround system,purchase,1.0,10000.0,10000.0,1,1,1,Tuesday,13,2019-04-30,2019,4,2019-04,Tuesday,13
51592642763,xzsade63-0ddd8-41ddb-928,2019-03-11 13:49:00,Entertainment Systems,Speakers,purchase,2.0,5000.0,10000.0,1,1,1,Monday,13,2019-03-11,2019,3,2019-03,Monday,13
51725305614,068c2ea6-6b4e-4078-8cdf,2019-11-28 21:26:00,Gifts,Gift containers,purchase,3.0,250.0,750.0,1,1,1,Thursday,21,2019-11-28,2019,11,2019-11,Thursday,21
51637676508,d854e804-9cb7-43e5-91a9,2019-03-11 14:34:00,Gaming Accessories,Play station,purchase,1.0,15000.0,15000.0,1,1,1,Monday,14,2019-03-11,2019,3,2019-03,Monday,14
51692946248,d7dd2019-9907-49f9-81bc,2019-03-11 15:03:00,Women's Fashion,Tops,purchase,2.0,1500.0,3000.0,1,1,1,Monday,15,2019-03-11,2019,3,2019-03,Monday,15
51829322973,ef60bea8-e748-4fc4-a738,2019-03-11 15:06:00,Furnitures,Wooden table,purchase,1.0,7000.0,7000.0,1,1,1,Monday,15,2019-03-11,2019,3,2019-03,Monday,15
51723980162,59e923a3-aad5-4a9b-bdc2,2019-03-11 15:13:00,Bags and Luggage,suitcase,purchase,1.0,8000.0,8000.0,1,1,1,Monday,15,2019-03-11,2019,3,2019-03,Monday,15
51725305614,vbnn03b-d558-4953-b220,2019-08-01 22:03:00,Men's Fashion,Shirts,purchase,4.0,1000.0,4000.0,1,1,1,Thursday,22,2019-08-01,2019,8,2019-08,Thursday,22
51468519074,1ecc7604-5a77-4f5a-87b0,2019-03-11 15:37:00,Gifts,Paintings,purchase,5.0,500.0,2500.0,1,1,1,Monday,15,2019-03-11,2019,3,2019-03,Monday,15
51508416101,0991cfdd-dd68-487b-9aa5,2019-04-11 18:19:00,Men's Fashion,Socks,purchase,3.0,250.0,750.0,1,1,1,Thursday,18,2019-04-11,2019,4,2019-04,Thursday,18
51596197877,fhjc6ff-jj54-jjjf8-879uhj-c,2019-10-24 11:40:00,Stationary,Crayons,purchase,5.0,200.0,1000.0,1,1,1,Thursday,11,2019-10-24,2019,10,2019-10,Thursday,11
51596197877,"okmioo,k7-34af-49c5-88fdg",2019-04-11 13:52:00,Stationary,Books,purchase,2.0,500.0,1000.0,1,1,1,Thursday,13,2019-04-11,2019,4,2019-04,Thursday,13
51993965030,5282f124-e62b-462c-b03a,2019-04-11 20:15:00,Men's Fashion,Kadaa,purchase,2.0,200.0,400.0,1,1,1,Thursday,20,2019-04-11,2019,4,2019-04,Thursday,20
51863353060,72cb364f-4cd4-41df-8aea,2019-04-11 21:55:00,Accessories,Harddisk cover,purchase,3.0,750.0,2250.0,1,1,1,Thursday,21,2019-04-11,2019,4,2019-04,Thursday,21
52178524942,829e4f57-94e3-4ff5-aad6,2019-04-11 23:28:00,Fitness,Dumbbells,purchase,2.0,2500.0,5000.0,1,1,1,Thursday,23,2019-04-11,2019,4,2019-04,Thursday,23
51480378215,oljkoi-iu731-4b53-bc87554,2019-04-09 17:24:00,Electronic Appliances,Microphone,purchase,2.0,5000.0,10000.0,1,1,1,Tuesday,17,2019-04-09,2019,4,2019-04,Tuesday,17
51480378215,ee35d5bc-e731-4b53-b1d2-,2019-10-24 21:18:00,Fitness,Ropes,purchase,1.0,500.0,500.0,1,1,1,Thursday,21,2019-10-24,2019,10,2019-10,Thursday,21
51481443687,fgdsds-fb065-4er9c-8ecxv9,2019-08-16 11:27:00,Gardern and Outdoor,Pots,purchase,7.0,250.0,1750.0,1,1,1,Friday,11,2019-08-16,2019,8,2019-08,Friday,11
51481443687,cd6eccd3-6065-459c-86b9,2019-05-11 13:23:00,Gardern and Outdoor,Flower plant seed,purchase,10.0,250.0,2500.0,1,1,1,Saturday,13,2019-05-11,2019,5,2019-05,Saturday,13
52335257008,9515ade5-2ff1-4bfc-8819,2019-05-11 16:08:00,Mobile & Accessories,Charging wire,purchase,2.0,1000.0,2000.0,1,1,1,Saturday,16,2019-05-11,2019,5,2019-05,Saturday,16
53209947945,b42e3d78-5cc8-4a07-ada8,2019-05-11 18:53:00,Personal Care,epilator,purchase,2.0,3000.0,6000.0,1,1,1,Saturday,18,2019-05-11,2019,5,2019-05,Saturday,18
57326081828,6a08cf9e-93c0-4702-a0bd,2019-05-11 22:18:00,Computer Peripherals,Portable projectors,purchase,1.0,16000.0,16000.0,1,1,1,Saturday,22,2019-05-11,2019,5,2019-05,Saturday,22
53649822812,tjfhgy128b-c22b-4b94-9928,2019-11-14 11:07:00,Health,Blood pressure monitor,purchase,1.0,1200.0,1200.0,1,1,1,Thursday,11,2019-11-14,2019,11,2019-11,Thursday,11
52732772360,b8ee17b7-bfd7-489d-9d67,2019-06-11 13:43:00,Laptop Accessories,Data cards,purchase,2.0,1500.0,3000.0,1,1,1,Tuesday,13,2019-06-11,2019,6,2019-06,Tuesday,13
53652969521,bb343f67-81be-4b84-9cdb,2019-06-11 15:02:00,Laptop and Desktop,Gaming laptop,purchase,1.0,90000.0,90000.0,1,1,1,Tuesday,15,2019-06-11,2019,6,2019-06,Tuesday,15
57297515705,d56fc9ca-c55c-4030-b0da,2019-06-11 16:40:00,Storage,Internal harddrive,purchase,2.0,4500.0,9000.0,1,1,1,Tuesday,16,2019-06-11,2019,6,2019-06,Tuesday,16
52713090310,46dc494f-a7a6-4164-aa84,2019-06-11 19:38:00,Bed room,Wardrobes,purchase,1.0,8000.0,8000.0,1,1,1,Tuesday,19,2019-06-11,2019,6,2019-06,Tuesday,19
54160504190,cc2f183f-d62f-4440-a2ca,2019-06-11 20:07:00,Home Decor,flower vases,purchase,3.0,250.0,750.0,1,1,1,Tuesday,20,2019-06-11,2019,6,2019-06,Tuesday,20
55477444723,77b5a04e-6600-4a06-a9a,2019-06-11 21:36:00,Lightings,Bulbs,purchase,5.0,100.0,500.0,1,1,1,Tuesday,21,2019-06-11,2019,6,2019-06,Tuesday,21
53446342803,7954f58c-158d-402d-982,2019-06-11 23:34:00,Cleaning supplies,Cleaning gloves,purchase,2.0,250.0,500.0,1,1,1,Tuesday,23,2019-06-11,2019,6,2019-06,Tuesday,23
59713929100,c3cd928d-779a-4e27-8753,2019-07-11 10:44:00,Seasonal Appliances,Air coolers,purchase,1.0,6000.0,6000.0,1,1,1,Thursday,10,2019-07-11,2019,7,2019-07,Thursday,10
57574752442,414877e9-1af6-43df-82cd,2019-07-11 11:33:00,Home Appliances,vaccum cleaner,purchase,1.0,7500.0,7500.0,1,1,1,Thursday,11,2019-07-11,2019,7,2019-07,Thursday,11
53649822812,kjhkh128b-c22b-4b94-9928,2019-05-08 13:48:00,Fitness,Ropes,purchase,3.0,500.0,1500.0,1,1,1,Wednesday,13,2019-05-08,2019,5,2019-05,Wednesday,13
59629862188,28943208-238c-493c-9dd7,2019-07-11 15:00:00,School Supplies,School bags,purchase,2.0,2600.0,5200.0,1,1,1,Thursday,15,2019-07-11,2019,7,2019-07,Thursday,15
51714485793,7d140213-68da-4737-b348,2019-07-11 15:49:00,Sports,Football,purchase,1.0,1250.0,1250.0,1,1,1,Thursday,15,2019-07-11,2019,7,2019-07,Thursday,15
56734081898,69e232a6-a01b-4d9a-8c59,2019-07-11 17:47:00,Accessories,Contact lens,purchase,2.0,1000.0,2000.0,1,1,1,Thursday,17,2019-07-11,2019,7,2019-07,Thursday,17
51936108956,60ef8622-3038-4352-bfaf,2019-07-11 20:27:00,Air Conditioner,Split airconditioner,purchase,1.0,6000.0,6000.0,1,1,1,Thursday,20,2019-07-11,2019,7,2019-07,Thursday,20
54340210344,58daf2c7-85f8-4a3a-8c8a,2019-07-11 21:14:00,Men's Bottom Wear,Cargo's,purchase,2.0,6000.0,12000.0,1,1,1,Thursday,21,2019-07-11,2019,7,2019-07,Thursday,21
52183942377,8f8e1f73-bbb1-4fcf-a1c8,2019-07-11 21:44:00,Women's Fashion,Ethinc dresses,purchase,1.0,12000.0,12000.0,1,1,1,Thursday,21,2019-07-11,2019,7,2019-07,Thursday,21
60029406377,636b78aa-5d14-4dd8-a129,2019-07-11 23:03:00,Footwear,Flipflops,purchase,2.0,1500.0,3000.0,1,1,1,Thursday,23,2019-07-11,2019,7,2019-07,Thursday,23
58974674178,6d466b92-cd75-49dc-acf9,2019-08-11 16:46:00,Footwear,sandals,purchase,2.0,1000.0,2000.0,1,1,1,Sunday,16,2019-08-11,2019,8,2019-08,Sunday,16
52842945535,4e063a96-ee67-480e-816,2019-08-11 18:54:00,Accessories,Frames,purchase,1.0,1000.0,1000.0,1,1,1,Sunday,18,2019-08-11,2019,8,2019-08,Sunday,18
57181419152,1b143c9f-971c-4a4d-aedd,2019-08-11 20:23:00,Bags and Luggage,Sling bag,purchase,1.0,2500.0,2500.0,1,1,1,Sunday,20,2019-08-11,2019,8,2019-08,Sunday,20
52752311791,a8f3c54c-ad75-4824-922i,2019-08-11 22:41:00,Personal Care,Hair dryer,purchase,2.0,1350.0,2700.0,1,1,1,Sunday,22,2019-08-11,2019,8,2019-08,Sunday,22
52904721877,51151320-a0f2-68e4-7c80,2019-09-11 15:10:00,Mobile accessories,Mini powerbank,purchase,1.0,1700.0,1700.0,1,1,1,Wednesday,15,2019-09-11,2019,9,2019-09,Wednesday,15
56016671367,8a41d175-0068-4f90-bc54,2019-09-11 16:09:00,Storage,External harddrive,purchase,2.0,5000.0,10000.0,1,1,1,Wednesday,16,2019-09-11,2019,9,2019-09,Wednesday,16
55343474855,74b5a6e4-69cd-42b8-9214,2019-09-11 17:31:00,Bed room,Side table,purchase,1.0,10000.0,10000.0,1,1,1,Wednesday,17,2019-09-11,2019,9,2019-09,Wednesday,17
53654005940,bfcf2107-7966-40bc-b2ac,2019-09-11 18:15:00,Lock and Security,Door lock,purchase,2.0,500.0,1000.0,1,1,1,Wednesday,18,2019-09-11,2019,9,2019-09,Wednesday,18
59916849754,302c1bef-3f10-1f6e-4c36,2019-09-11 19:42:00,Kitchen Storage,Lunch box,purchase,3.0,1000.0,3000.0,1,1,1,Wednesday,19,2019-09-11,2019,9,2019-09,Wednesday,19
53299207031,bda2e5e5-492e-412a-a092,2019-09-11 20:01:00,Books,Non fiction,purchase,2.0,500.0,1000.0,1,1,1,Wednesday,20,2019-09-11,2019,9,2019-09,Wednesday,20
54081180520,6538ce19-c431-4be0-a3c8,2019-09-11 20:26:00,Food essentials,Chocolates,purchase,5.0,250.0,1250.0,1,1,1,Wednesday,20,2019-09-11,2019,9,2019-09,Wednesday,20
55343474855,gbfi908e4-69cd-42b8-9215,2019-02-23 20:50:00,Bed room,Sheets,purchase,2.0,450.0,900.0,1,1,1,Saturday,20,2019-02-23,2019,2,2019-02,Saturday,20
59839573750,f9cdfc7e-4e11-4658-898d,2019-09-11 21:24:00,Mens accessories,Sunglasses,purchase,2.0,600.0,1200.0,1,1,1,Wednesday,21,2019-09-11,2019,9,2019-09,Wednesday,21
57500609913,08def6d1-ae28-4365-a247,2019-09-11 22:17:00,Mobile & Accessories,Mobile phone,purchase,1.0,50000.0,50000.0,1,1,1,Wednesday,22,2019-09-11,2019,9,2019-09,Wednesday,22
59533420690,68495b0b-0d96-4caf-8982,2019-10-11 14:03:00,Electricals,Batteries,purchase,6.0,150.0,900.0,1,1,1,Friday,14,2019-10-11,2019,10,2019-10,Friday,14
54938485256,07843bf1-a59a-4a98-a302,2019-09-11 22:32:00,Electronics,Weighing scale,purchase,1.0,5000.0,5000.0,1,1,1,Wednesday,22,2019-09-11,2019,9,2019-09,Wednesday,22
52769802843,0b131d55-5abd-48c1-99a3,2019-09-12 22:59:00,Baby Care,Diapers,purchase,10.0,300.0,3000.0,1,1,1,Thursday,22,2019-09-12,2019,9,2019-09,Thursday,22
55817701891,3460ca9c-ade7-4e17-98c4-,2019-11-21 10:10:00,Tv and Appliances,TV,purchase,1.0,85000.0,85000.0,1,1,1,Thursday,10,2019-11-21,2019,11,2019-11,Thursday,10
59533420690,gfthjgh-2125-4d26-11111,2019-10-11 14:17:00,Health care appliances,Bp monitors,purchase,1.0,2000.0,2000.0,1,1,1,Friday,14,2019-10-11,2019,10,2019-10,Friday,14
53156872654,87975d10-e7ff-472b-8f31,2019-10-11 14:27:00,Laptops,Notebooks,purchase,1.0,42000.0,42000.0,1,1,1,Friday,14,2019-10-11,2019,10,2019-10,Friday,14
59737632719,f18609cf-7cab-47cf-aaf8,2019-10-11 14:47:00,Camera,DSLR,purchase,1.0,35000.0,35000.0,1,1,1,Friday,14,2019-10-11,2019,10,2019-10,Friday,14
52769802843,zxcccb-60c4-4577-91c10,2019-09-12 20:47:00,Toys,Toy car,purchase,3.0,200.0,600.0,1,1,1,Thursday,20,2019-09-12,2019,9,2019-09,Thursday,20
57767840151,dfxdf936-c74d-4002-a076,2019-10-09 21:53:00,Stationary,Pens,purchase,100.0,10.0,1000.0,1,1,1,Wednesday,21,2019-10-09,2019,10,2019-10,Wednesday,21
51746374740,a37fd8d6-2b02-4a40-ab6f,2019-10-11 15:54:00,Gaming Accessories,Game pad large,purchase,1.0,1800.0,1800.0,1,1,1,Friday,15,2019-10-11,2019,10,2019-10,Friday,15
57767840151,weetr4fa7-c1cd-4a2b-b6565,2019-11-15 20:23:00,Kitchen Appliances,Wet grinders,purchase,1.0,6000.0,6000.0,1,1,1,Friday,20,2019-11-15,2019,11,2019-11,Friday,20
55237981670,d5a22ff4-6180-4215-8b1b,2019-10-11 17:41:00,Stationary,Diaries,purchase,2.0,650.0,1300.0,1,1,1,Friday,17,2019-10-11,2019,10,2019-10,Friday,17
54442238798,c9d44a93-71ff-481a-81f2,2019-10-11 18:01:00,Software,K7 security,purchase,1.0,1850.0,1850.0,1,1,1,Friday,18,2019-10-11,2019,10,2019-10,Friday,18
56348505101,f430d6b6-9810-4582-9aa4,2019-10-11 19:08:00,Smart Wearables,Smart watches,purchase,1.0,45000.0,45000.0,1,1,1,Friday,19,2019-10-11,2019,10,2019-10,Friday,19
54447852002,zxcx8d-ee2f-4756-96ad,2019-06-28 18:40:00,Toys,Barbie doll,purchase,5.0,500.0,2500.0,1,1,1,Friday,18,2019-06-28,2019,6,2019-06,Friday,18
57915402788,b6ca21e1-6cdb-4191-b095,2019-10-11 20:45:00,Baby Products,wipes,purchase,3.0,250.0,750.0,1,1,1,Friday,20,2019-10-11,2019,10,2019-10,Friday,20
53713888319,aa86335c-aa2e-4a73-aeed,2019-10-11 21:15:00,Women's Fashion,Palazzos,purchase,1.0,1650.0,1650.0,1,1,1,Friday,21,2019-10-11,2019,10,2019-10,Friday,21
54447852002,hjmkkd-ee2f-4756-5656,2019-10-11 22:33:00,Toys,Toy guns,purchase,2.0,300.0,600.0,1,1,1,Friday,22,2019-10-11,2019,10,2019-10,Friday,22
59275285732,f345bf5d-e440-49ae-86eb,2019-10-11 22:52:00,Entertainment Systems,Surround system,purchase,1.0,30000.0,30000.0,1,1,1,Friday,22,2019-10-11,2019,10,2019-10,Friday,22
53593337921,30e1fcbf-12cf-44ca-aacf,2019-10-11 23:01:00,Movies,Cd's,purchase,2.0,1700.0,3400.0,1,1,1,Friday,23,2019-10-11,2019,10,2019-10,Friday,23
56181373546,1e4e928d-ce1a-4efb-ae61,2019-10-11 23:25:00,Bags and Luggage,Traveller bag,purchase,1.0,2000.0,2000.0,1,1,1,Friday,23,2019-10-11,2019,10,2019-10,Friday,23
58481913506,dgfcg09-f197-4bff-9efa,2019-04-21 15:24:01,Tablets,iPad,purchase,1.0,65000.0,65000.0,1,1,1,Sunday,15,2019-04-21,2019,4,2019-04,Sunday,15
58481913506,ybgfvh-nth-2ec2-4571-7777,2019-10-11 10:15:00,Gifts,Gift wrappers,purchase,10.0,50.0,500.0,1,1,1,Friday,10,2019-10-11,2019,10,2019-10,Friday,10
56295462878,e10a3efe-d4f7-4f11-ba57,2019-11-11 21:26:00,Gardern and Outdoor,Watering can,purchase,3.0,150.0,450.0,1,1,1,Monday,21,2019-11-11,2019,11,2019-11,Monday,21
55538327311,8cab07d6-aa3a-47d8-8f38,2019-11-11 14:01:00,Washing Machine,Fully automated,purchase,1.0,18000.0,18000.0,1,1,1,Monday,14,2019-11-11,2019,11,2019-11,Monday,14
57342441069,9d954460-e0aa-494b-92b1,2019-11-11 14:10:00,Air Conditioner,Inverter AC,purchase,1.0,13500.0,13500.0,1,1,1,Monday,14,2019-11-11,2019,11,2019-11,Monday,14
58559504289,fe883012-1787-4546-8f24,2019-11-11 14:38:00,Home Appliances,Vaccum cleaner,purchase,1.0,6500.0,6500.0,1,1,1,Monday,14,2019-11-11,2019,11,2019-11,Monday,14
52787855576,fce8cdd0-4572-44df-8e74,2019-11-10 15:07:00,Tablets,iPad,purchase,2.0,80000.0,160000.0,1,1,1,Sunday,15,2019-11-10,2019,11,2019-11,Sunday,15
56295462878,hmn3efe-d4f7-4f11-ba56,2019-05-20 17:39:00,Bed room,Mattresses,purchase,2.0,15000.0,30000.0,1,1,1,Monday,17,2019-05-20,2019,5,2019-05,Monday,17
53617353246,e93dd50d-7bdf-4ff5-9b71,2019-11-11 16:15:00,Kitchen and dining,Dinner set,purchase,2.0,750.0,1500.0,1,1,1,Monday,16,2019-11-11,2019,11,2019-11,Monday,16
55025507925,xc61f-95de-41d6-89f3,2019-11-06 21:47:00,Pet Supplies,Cat food,purchase,3.0,500.0,1500.0,1,1,1,Wednesday,21,2019-11-06,2019,11,2019-11,Wednesday,21
59270627446,90aeec7c-421e-4469-8fc1,2019-11-11 16:46:00,Lock and Security,Door lock,purchase,1.0,350.0,350.0,1,1,1,Monday,16,2019-11-11,2019,11,2019-11,Monday,16
57121677041,7a1e7ddf-359d-4ec2-954c,2019-11-11 17:12:00,Personal Safety,Pepper stream spray,purchase,1.0,450.0,450.0,1,1,1,Monday,17,2019-11-11,2019,11,2019-11,Monday,17
55162718788,c3b842f2-acdb-4c8c-9d52,2019-11-11 17:43:00,Kitchen Storage,Containers,purchase,3.0,200.0,600.0,1,1,1,Monday,17,2019-11-11,2019,11,2019-11,Monday,17
58653489700,a26e548e-9ca7-4967-8eaa,2019-11-11 17:55:00,Books,Crime novels,purchase,1.0,250.0,250.0,1,1,1,Monday,17,2019-11-11,2019,11,2019-11,Monday,17
55025507925,pskdl-0e65-4707-9223444,2019-11-11 19:27:00,Food essentials,Oil containers,purchase,5.0,200.0,1000.0,1,1,1,Monday,19,2019-11-11,2019,11,2019-11,Monday,19
55795626852,ccae616d-c88b-492e-885c,2019-11-11 18:32:00,Musical Instruments,Violin string,purchase,1.0,1270.0,1270.0,1,1,1,Monday,18,2019-11-11,2019,11,2019-11,Monday,18
53966220604,dfgfd716-9c4b-4bcc-b9235,2019-08-16 19:23:00,Bike care,Bike polish,purchase,2.0,200.0,400.0,1,1,1,Friday,19,2019-08-16,2019,8,2019-08,Friday,19
58055328154,501905a0-8065-45bb-8b0e,2019-11-11 18:49:00,Mens accessories,Perfumes,purchase,2.0,350.0,700.0,1,1,1,Monday,18,2019-11-11,2019,11,2019-11,Monday,18
52627455489,dff167bb-dd36-49ab-93b4,2019-11-11 19:12:00,Electronics,Electrical wires,purchase,5.0,100.0,500.0,1,1,1,Monday,19,2019-11-11,2019,11,2019-11,Monday,19
58749258284,904ec394-b80d-4985-816d,2019-11-11 19:37:00,Living Room Furniture,Wooden sofa set,purchase,1.0,35000.0,35000.0,1,1,1,Monday,19,2019-11-11,2019,11,2019-11,Monday,19
53966220604,ijfvue-24e2-40ae-ae3dh,2019-11-10 19:33:00,Toys,Jenga,purchase,1.0,400.0,400.0,1,1,1,Sunday,19,2019-11-10,2019,11,2019-11,Sunday,19
60302643179,7u6tif8-b5e7-4fa1-b876,2019-07-18 21:06:00,Accessories,Watches,purchase,1.0,4000.0,4000.0,1,1,1,Thursday,21,2019-07-18,2019,7,2019-07,Thursday,21
60302643179,3c640d77-c907-4dce-b0ff,2019-11-11 19:37:00,Toys,Puzzle play,purchase,1.0,300.0,300.0,1,1,1,Monday,19,2019-11-11,2019,11,2019-11,Monday,19
52146571882,646643d4-8b90-4e14-86af,2019-11-11 20:17:00,Toys,Rubber toys,purchase,3.0,50.0,150.0,1,1,1,Monday,20,2019-11-11,2019,11,2019-11,Monday,20
60089394505,2742e480-68f4-439a-a91b,2019-11-11 20:32:00,Living Room Furniture,TV shelf,purchase,1.0,13000.0,13000.0,1,1,1,Monday,20,2019-11-11,2019,11,2019-11,Monday,20
53209756433,0fef7c43-5f11-4793-ad76,2019-11-11 21:09:00,Footwear,Crocs,purchase,2.0,3500.0,7000.0,1,1,1,Monday,21,2019-11-11,2019,11,2019-11,Monday,21
54068495712,b2833d35-6cc6-4bc8-8ada,2019-11-11 21:17:00,Laptop Accessories,Laptop charger,purchase,1.0,1260.0,1260.0,1,1,1,Monday,21,2019-11-11,2019,11,2019-11,Monday,21
60034334067,f0da7937-bc95-4f97-9607,2019-11-11 21:51:00,Accessories,Watches,purchase,1.0,35000.0,35000.0,1,1,1,Monday,21,2019-11-11,2019,11,2019-11,Monday,21
53572384601,0ad69d37-2a20-43c2-8afe,2019-11-11 22:06:00,Women Fashion,Party wear,purchase,1.0,4500.0,4500.0,1,1,1,Monday,22,2019-11-11,2019,11,2019-11,Monday,22
53209756433,gfvc443-5f11-4793-ad77,2019-12-07 21:52:00,Women Fashion,Jeans,purchase,3.0,5000.0,15000.0,1,1,1,Saturday,21,2019-12-07,2019,12,2019-12,Saturday,21
52304321020,a37241ef-4434-4295-a0cq,2019-12-11 11:15:00,Personal Safety,Fire extinguisher mini,purchase,1.0,2500.0,2500.0,1,1,1,Wednesday,11,2019-12-11,2019,12,2019-12,Wednesday,11
52387379385,1b4a4a20-0684-465b-a089,2019-12-11 11:27:00,Home lighting,Smart light,purchase,2.0,3000.0,6000.0,1,1,1,Wednesday,11,2019-12-11,2019,12,2019-12,Wednesday,11
54624656999,1a11938c-7851-478a-a3e4,2019-12-11 11:35:00,Bed room,Pillow stand,purchase,1.0,7500.0,7500.0,1,1,1,Wednesday,11,2019-12-11,2019,12,2019-12,Wednesday,11
57851680477,474f6173-99c6-41b0-a6f4,2019-12-11 12:29:00,Grocery,Cooking oil,purchase,2.0,250.0,500.0,1,1,1,Wednesday,12,2019-12-11,2019,12,2019-12,Wednesday,12
57851680477,ewrwsd-410f-4ab2-97825,2019-12-22 08:22:00,Lock and Security,Door lock,purchase,2.0,600.0,1200.0,1,1,1,Sunday,8,2019-12-22,2019,12,2019-12,Sunday,8
59526755891,58565249-1010-4439-96c5,2019-12-11 13:38:00,Home furnishing,Bathroom Fitings,purchase,2.0,750.0,1500.0,1,1,1,Wednesday,13,2019-12-11,2019,12,2019-12,Wednesday,13
60238282834,6050aca2-e3f8-4a88-a5fm,2019-12-11 13:49:00,Fitness,Shaker bottle,purchase,1.0,800.0,800.0,1,1,1,Wednesday,13,2019-12-11,2019,12,2019-12,Wednesday,13
57253954514,c187c112-6b91-4438-8232,2019-12-11 14:00:00,Tools and Utility,Multiutility plier,purchase,1.0,1250.0,1250.0,1,1,1,Wednesday,14,2019-12-11,2019,12,2019-12,Wednesday,14
59589745593,99bbe565-062d-44ca-95a,2019-12-11 14:29:00,Men's Grooming,Beard Oil,purchase,2.0,1500.0,3000.0,1,1,1,Wednesday,14,2019-12-11,2019,12,2019-12,Wednesday,14
60238282834,fsdv-e3f8-4a88-a5fm,2019-12-09 11:45:00,Fitness,Ropes,purchase,1.0,800.0,800.0,1,1,1,Monday,11,2019-12-09,2019,12,2019-12,Monday,11
60238282834,bkxf-f344b-4e9b-a334,2019-07-21 14:46:00,Personal Care,Sunscreens,purchase,3.0,700.0,2100.0,1,1,1,Sunday,14,2019-07-21,2019,7,2019-07,Sunday,14
57828063559,dgbvcf-810f-425b-8708,2019-12-11 10:45:00,Toys,Teddy Bear,purchase,2.0,1000.0,2000.0,1,1,1,Wednesday,10,2019-12-11,2019,12,2019-12,Wednesday,10
55488853063,rhtgfd01-e8fa-48af-95b9,2019-03-17 11:50:00,Grocery,Flour Bags,purchase,5.0,200.0,1000.0,1,1,1,Sunday,11,2019-03-17,2019,3,2019-03,Sunday,11
55660418761,gfhhhc-5ecd-428a-914d,2019-08-16 21:19:00,Fitness,Boxing Bag,purchase,1.0,7000.0,7000.0,1,1,1,Friday,21,2019-08-16,2019,8,2019-08,Friday,21
55349718167,xcvdd0-14c4-4908-b9bd,2019-07-19 13:25:00,Stationary,Markers,purchase,6.0,50.0,300.0,1,1,1,Friday,13,2019-07-19,2019,7,2019-07,Friday,13
52205716885,fgtujgj-90c9-4039-a5c33,2019-08-05 13:38:00,Accessories,Bracelets,purchase,2.0,200.0,400.0,1,1,1,Monday,13,2019-08-05,2019,8,2019-08,Monday,13
51768712908,juiih58c6-a1af-4e93-8157,2019-01-23 21:10:00,Kid's fashion,kids jeans,purchase,4.0,700.0,2800.0,1,1,1,Wednesday,21,2019-01-23,2019,1,2019-01,Wednesday,21
52056666335,thdfh6e-a14d-4303-9fhjj,2019-05-04 21:12:00,Footwear,Shoes,purchase,2.0,7000.0,14000.0,1,1,1,Saturday,21,2019-05-04,2019,5,2019-05,Saturday,21
51883832383,ythjgj2-1865-4905-ac09,2019-05-28 18:40:00,Fitness,Treadmill,purchase,1.0,30000.0,30000.0,1,1,1,Tuesday,18,2019-05-28,2019,5,2019-05,Tuesday,18
58113870922,fdgdfff-2837-484a-ae4545,2019-03-20 21:42:00,Women Fashion,Kurti,purchase,8.0,1200.0,9600.0,1,1,1,Wednesday,21,2019-03-20,2019,3,2019-03,Wednesday,21
